{"cameraMode":{"drawMode":0,"name":"Shaded","section":"Shading Mode"},"sceneLighting":false,"audioPlay":false,"sceneViewState":{"showFog":true,"showMaterialUpdate":false,"showSkybox":false,"showFlares":true,"showImageEffects":true,"showParticleSystems":true},"in2DMode":false,"pivot":{"x":-12.525664329528809,"y":0.9155776500701904,"z":2.0606794357299806},"rotation":{"x":0.006769747007638216,"y":0.896933376789093,"z":-0.44194111227989199,"w":0.013723796233534813},"size":2.5802178382873537,"orthographic":false}