{"cameraMode":{"drawMode":0,"name":"Shaded","section":"Shading Mode"},"sceneLighting":false,"audioPlay":false,"sceneViewState":{"showFog":true,"showMaterialUpdate":false,"showSkybox":false,"showFlares":true,"showImageEffects":true,"showParticleSystems":true},"in2DMode":false,"pivot":{"x":17.0,"y":2.4000000953674318,"z":19.1299991607666},"rotation":{"x":-0.1848396211862564,"y":0.13864348828792573,"z":-0.026348520070314409,"w":-0.9725856184959412},"size":2.785677671432495,"orthographic":false}